,Model,Mean F1,Mean Precision,Mean Recall,Mean Accuracy
0,kn,0.8749020765578319,0.8895839459982301,0.8658731578937023,0.9410707519106903
1,random_forest,0.8908578823178516,0.8918292277846832,0.8935299511410487,0.9473175697234592
2,gradient_boosting,0.893442973030534,0.8977009115556547,0.8926192118326258,0.9488503871472411
3,xgboost,0.8943986695890483,0.8983351148405696,0.893480969409474,0.9494797525536788
