{
    "llm": {
        "text": {
            "property_value_update": {
                "precision": 0.5707964601769911,
                "recall": 0.6825396825396826,
                "accuracy": 0.8366285119667014,
                "f1": 0.6216867469879518
            },
            "re_formatting": {
                "precision": 0.5708582834331337,
                "recall": 0.8033707865168539,
                "accuracy": 0.8517169614984391,
                "f1": 0.6674445740956826
            },
            "refinement": {
                "precision": 0.7369477911646586,
                "recall": 0.6600719424460432,
                "accuracy": 0.8335067637877211,
                "f1": 0.6963946869070209
            },
            "textual_change": {
                "precision": 0.33462532299741604,
                "recall": 0.8464052287581699,
                "accuracy": 0.7075962539021852,
                "f1": 0.47962962962962963
            },
            "unrefinement": {
                "precision": 0.812206572769953,
                "recall": 0.5014492753623189,
                "accuracy": 0.8896982310093653,
                "f1": 0.6200716845878136
            }
        },
        "quantity": {
            "property_value_update": {
                "precision": 0.6637931034482759,
                "recall": 0.8979591836734694,
                "accuracy": 0.8444625407166124,
                "f1": 0.7633209417596035
            },
            "re_formatting": {
                "precision": 0.0,
                "recall": 0.0,
                "accuracy": 0.7719869706840391,
                "f1": 0.0
            },
            "refinement": {
                "precision": 0.7877984084880637,
                "recall": 0.9705882352941176,
                "accuracy": 0.9275244299674267,
                "f1": 0.8696925329428989
            },
            "unrefinement": {
                "precision": 0.6616915422885572,
                "recall": 0.8896321070234113,
                "accuracy": 0.8623778501628665,
                "f1": 0.7589158345221113
            }
        },
        "time": {
            "property_value_update": {
                "precision": 0.960618846694796,
                "recall": 0.8951507208387942,
                "accuracy": 0.9404958677685951,
                "f1": 0.926729986431479
            },
            "re_formatting": {
                "precision": 0.9683257918552036,
                "recall": 0.48306997742663654,
                "accuracy": 0.8699724517906336,
                "f1": 0.6445783132530121
            },
            "refinement": {
                "precision": 0.8746355685131195,
                "recall": 0.967741935483871,
                "accuracy": 0.9707988980716253,
                "f1": 0.9188361408882083
            },
            "unrefinement": {
                "precision": 0.4843492586490939,
                "recall": 0.98,
                "accuracy": 0.8242424242424242,
                "f1": 0.6482910694597575
            }
        },
        "globecoordinate_latitude": {
            "property_value_update": {
                "precision": 0.3933649289099526,
                "recall": 0.5,
                "accuracy": 0.6449803701626472,
                "f1": 0.4403183023872679
            },
            "re_formatting": {
                "precision": 0.7089552238805971,
                "recall": 0.3682170542635659,
                "accuracy": 0.8867077958496915,
                "f1": 0.4846938775510204
            },
            "refinement": {
                "precision": 0.334867663981588,
                "recall": 0.8220338983050848,
                "accuracy": 0.6404935501962984,
                "f1": 0.4758789860997547
            },
            "unrefinement": {
                "precision": 0.7436548223350253,
                "recall": 0.9213836477987422,
                "accuracy": 0.9293325855300056,
                "f1": 0.8230337078651685
            }
        },
        "globecoordinate_longitude": {
            "property_value_update": {
                "precision": 0.3052464228934817,
                "recall": 0.45714285714285713,
                "accuracy": 0.6270330902972518,
                "f1": 0.36606291706387034
            },
            "re_formatting": {
                "precision": 0.3262411347517731,
                "recall": 0.2541436464088398,
                "accuracy": 0.8710039259674706,
                "f1": 0.2857142857142857
            },
            "refinement": {
                "precision": 0.3348164627363737,
                "recall": 0.8337950138504155,
                "accuracy": 0.630959057767807,
                "f1": 0.4777777777777778
            },
            "unrefinement": {
                "precision": 0.43680709534368073,
                "recall": 0.6375404530744336,
                "accuracy": 0.7947279865395401,
                "f1": 0.5184210526315789
            }
        },
        "entity": {
            "link_change": {
                "precision": 0.6458333333333334,
                "recall": 0.5081967213114754,
                "accuracy": 0.7829099307159353,
                "f1": 0.5688073394495413
            },
            "property_value_update": {
                "precision": 0.5396825396825397,
                "recall": 0.7976539589442815,
                "accuracy": 0.7682832948421863,
                "f1": 0.6437869822485207
            },
            "refinement": {
                "precision": 0.5331325301204819,
                "recall": 0.5709677419354838,
                "accuracy": 0.7782909930715936,
                "f1": 0.5514018691588785
            },
            "unrefinement": {
                "precision": 0.6704545454545454,
                "recall": 0.6276595744680851,
                "accuracy": 0.8521939953810623,
                "f1": 0.6483516483516484
            }
        }
    }
}